BOLDE	60_ThrewOutPlasticShakers_439days.mp4
BOLDE	61_ShakerFromBolde_438days.mp4
BOLDE	01_ShakersThatStink_358days.mp4
BOLDE	62_ShakerDoesntStink_348days.mp4
BOLDE	02_PlasticMicroplastics_316days.mp4
BOLDE	03_MicroplasticsComparison_314days.mp4
Botane	60_LastTimeCreamBurned_234days.mp4
Botane	61_WaxingMedievalTorture_234days.mp4
Botane	62_HairRemovalPunishment_234days.mp4
Botane	63_ShowerNoOneSees_234days.mp4
Botane	64_WaxingRazorBumps_234days.mp4
Botane	65_FastestWayNoPain_234days.mp4
Brite	60_ProductivityBlewMind_515days.mp4
Brite	61_CoffeeStoppedWorking_515days.mp4
Brite	62_NicolaDayInLife_514days.mp4
Brite	01_SubscribeNeverRunOut_208days.mp4
Brite	02_SubscriptionTestimonialLong_202days.mp4
Brite	03_SubscriptionComparison_199days.mp4
Colagea	60_ThoughtItWasGenetic_461days.mp4
Colagea	61_ThreeYearsTesting_432days.mp4
Colagea	62_ConfidenceCrumbling_377days.mp4
Colagea	63_SecretChangedMyLife_376days.mp4
Colagea	64_MassimoSixWeeks_359days.mp4
Colagea	65_AnotherAntiHairLoss_350days.mp4
CosyHouse	01_BadSkinNightSweats_859days.mp4
CosyHouse	02_RetargetTestimonial20Off_597days.mp4
CosyHouse	03_HotSleepers_577days.mp4
CosyHouse	04_BambooBeforeAfter_538days.mp4
CosyHouse	05_ReviewsProofWrongBedding_487days.mp4
CosyHouse	06_VotedNumberOneTestimonial_79days.mp4
ForgeAndFoster	01_PreorderSave20_347days.mp4
ForgeAndFoster	02_PreorderSave20V2_347days.mp4
ForgeAndFoster	03_PreorderSave50_44days.mp4
ForgeAndFoster	04_SapphireSteelWatch_19days.mp4
ForgeAndFoster	05_LabourDaySale_8days.mp4
ForgeAndFoster	06_FlashDropSale_3days.mp4
GleeFull	02_At55_MenoBelly_478days.mp4
GleeFull	03_HotFlashes_Timeline_458days.mp4
GleeFull	20_ThreeSupplementTest_390days.mp4
GleeFull	21_HusbandNoticed_265days.mp4
GleeFull	22_WeightLossSecret_250days.mp4
GleeFull	23_MomBodMenoPuff_160days.mp4
GleeFull	01_HonestReview_48hrs_153days.mp4
GleeFull	24_HipFatMistakes_128days.mp4
HumanPro	77_MushroomBrainUpgrade_537days.mp4
HumanPro	01_AllInOneCapsule_373days.mp4
HumanPro	78_NewYearMushroom_373days.mp4
HumanPro	02_AllInOneShortCut_370days.mp4
HumanPro	03_NaturesMostPowerful_369days.mp4
HumanPro	60_ToxicMetalsDMs_218days.mp4
Livia	01_CrampsWithoutPills_2021.mp4
Lumeo	06_Longest_91days.mp4
Lumeo	23_PornStarSecret_83days.mp4
Lumeo	20_CaughtManTakingGummies_80days.mp4
Lumeo	24_PornStarSecretV2_78days.mp4
Lumeo	21_ObsessedWomanPOV_77days.mp4
Lumeo	22_GaspedWhenHeFinished_76days.mp4
Lumeo	07_74days.mp4
Lumeo	25_PornStarSecretV3_73days.mp4
Pupgrade	07_JointSupportV1_33days.mp4
Pupgrade	03_SeniorLabReview_32days.mp4
Pupgrade	01_ArthritisEarlySigns_31days.mp4
Pupgrade	02_DogPOVBirthday_31days.mp4
Pupgrade	33_DentalGoldenReview_21days.mp4
Pupgrade	38_FrenchieTummyReview_12days.mp4
RedDrop	01_WhatGirlsNeedPeriod_381days.mp4
RedDrop	02_RememberYourFirstPeriod_102days.mp4
RedDrop	03_StorePadsMadeHerCry_102days.mp4
RedDrop	04_MomDaughterBonded_102days.mp4
RedDrop	05_BigTalkPediatrician_101days.mp4
RedDrop	06_76PercentGirlsStat_87days.mp4
SilkHair	60_DontUseIfFastGrowth_613days.mp4
SilkHair	61_IfYouDontWantResult_561days.mp4
SilkHair	62_EmbraceNaturalHair_394days.mp4
SilkHair	63_HairFallingBaldSpot_385days.mp4
SilkHair	64_MenopauseWifeChanged_368days.mp4
SilkHair	65_BlackWomenLongHair_356days.mp4
VortexHaus	04_THAI_BOGO_70k-spend.mp4
VortexHaus	06_THAI_Rating_53k-spend.mp4
VortexHaus	60_WarehouseWorkerBreak_268days.mp4
VortexHaus	61_BlowerTierRanking_251days.mp4
VortexHaus	62_ConstructionTierList_246days.mp4
VortexHaus	63_GarageToolTierList_230days.mp4
VortexHaus	89_CarDryingHistory_224days.mp4
VortexHaus	64_ChristmasGiftResearch_207days.mp4
